first_name,last_name,email,phone
Hailey,Forsdyke,hforsdyke0@newyorker.com,256-935-3579
Kelley,Lavigne,klavigne1@vk.com,106-715-1105
Shaina,Simpson,ssimpson2@ustream.tv,126-821-6848
Allissa,Sign,asign3@loc.gov,200-853-8854
Trumaine,Antrack,tantrack4@narod.ru,431-314-6619
Denver,Elmhirst,delmhirst5@mayoclinic.com,117-135-3784
Katha,Hebbs,khebbs6@vistaprint.com,466-490-5420
Ronnie,Lonie,rlonie7@deliciousdays.com,321-801-0634
Gloriane,Pessold,gpessold8@gnu.org,674-556-9013
Candy,Novic,cnovic9@marriott.com,323-131-2247
Ravi,Byatt,rbyatta@harvard.edu,914-569-7377
Donnie,Sandiland,dsandilandb@yale.edu,855-915-7846
Garey,Milnthorpe,gmilnthorpec@sohu.com,974-835-6432
Doe,MacAvaddy,dmacavaddyd@angelfire.com,959-487-0861
Devland,Huikerby,dhuikerbye@geocities.jp,397-767-5974